"","Country Name","Country Code","CoC_est","Gov_Eff_est","Pol_Sta_est","Reg_Qua_est","Rule_Law_est","Voice_Act_est","GDP_current","Region_fh","PR_fh","CL_fh","Total_fh","hdi","le","gni_pc","coef_ineq","gii"
"1","Afghanistan","AFG",-1.39893369674683,-1.50127875804901,-2.61278052330017,-1.22701410055161,-1.64618884325027,-1.1932460129261,18635876863.0176,"Asia",10.5,13.7,24.2,0.4803,62.7855,1990.6277741,34.073854898,0.6811
"2","Albania","ALB",-0.550091782212257,-0.0322668781504034,0.250728139281273,0.219999176263809,-0.354467783868313,0.13669455088675,14484007949.5748,"Europe",27.1,39.7,66.8,0.7933,78.1832,13009.460066,13.417706061,0.1493
"3","Algeria","DZA",-0.625088146328926,-0.49779343008995,-0.998302406072617,-1.25537804365158,-0.841620826721191,-0.946841281652451,177056074959.77,"Africa",10.5,23.5,34,0.737,75.7321,11251.294182,21.215771166,0.4187
"4","Andorra","AND",1.21292207241058,1.73930760622025,1.44377388954162,1.19006261229515,1.53920141458511,1.1483588218689,3109360092.06761,"Europe",38.8,56.1,94.9,0.859,82.3721,53434.893707,9.647367162,NA
"5","Angola","AGO",-1.15995596647263,-1.0710333108902,-0.461474820971489,-0.854846775531769,-1.04235357046127,-0.983560889959335,85739221664.2095,"Africa",10.4,18.1,28.5,0.5873,61.3199,6493.5476502,38.88207850125,0.5388
"6","Antigua and Barbuda","ATG",0.463155573606491,0.0117507413029671,0.910607254505157,0.40851664096117,0.393265134096146,0.652106297016144,1542963333.33333,"Americas",32.4,50.3,82.7,0.8215,78.355,18861.055217,NA,NA
"7","Argentina","ARG",-0.341078328341246,-0.107853177189827,0.0257472217082978,-0.591231785714627,-0.492203797399998,0.490727478265762,535160585435.807,"Americas",32.9,49.2,82.1,0.8483,76.4776,22164.669453,12.300641757,0.3192
"8","Armenia","ARM",-0.356277630291879,-0.236836919188499,-0.498173917084932,0.196113801375031,-0.238120031356812,-0.271312675625086,12746922324.1136,"Eurasia",17.6,30.5,48.1,0.7737,73.9831,13008.005081,9.3835367404,0.2554
"9","Australia","AUS",1.76536558866501,1.54714727401733,0.936470675468446,1.85355169773102,1.69734330177307,1.35246560573578,1433890842393.77,"Asia",39.6,57.6,97.2,0.9391,83.2625,47184.432313,8.8711350933,0.093
"10","Austria","AUT",1.45429773330688,1.50698302984238,0.988762593269347,1.42005416154861,1.80922360420227,1.38808553218841,435271938479.39,"Europe",37.3,57.1,94.4,0.9154,81.5949,53915.84899,7.1725475033,0.0672
"11","Azerbaijan","AZE",-0.937126904726028,-0.160948238521814,-0.729428422451019,-0.287521234899759,-0.648565578460693,-1.51060215234757,55273638109.9559,"Eurasia",3.8,10.9,14.7,0.749,71.3284,14033.855229,7.9318257007,0.3292
"12","Bahamas","BHS",1.16558139324188,0.569060328602791,0.913651520013809,0.088124346768018,0.260701053589582,0.89932432770729,11693940000,"Americas",38,54.6,92.6,0.8072,73.0307,31237.105613,18.169455614,0.3462
"13","Bahrain","BHR",0.0563934527337551,0.410751932859421,-0.807766205072403,0.640677464008331,0.417414781451225,-1.39174389839172,35943566835.1064,"Middle East",3.2,10.2,13.4,0.869,79.4281,46447.099313,NA,0.215
"14","Bangladesh","BGD",-0.938480371236801,-0.749720388650894,-1.12055491805077,-0.890392863750458,-0.686598414182663,-0.637084725499153,299993149830.152,"Asia",19.2,26.6,45.8,0.6272,71.634,5263.2376852,29.640834101,0.5346
"15","Barbados","BRB",1.30057631731033,0.773335048556328,1.08985475301743,0.471065708994865,0.625895947217942,1.11576464176178,4977595000,"Americas",39,58,97,0.8015,77.0146,14787.64394,21.072033036,0.3169
"16","Belarus","BLR",-0.253975903103128,-0.576762412488461,-0.136221840418875,-0.992362070083618,-0.939649295806885,-1.45789620876312,64152435742.481,"Eurasia",4.1,11.6,15.7,0.8069,73.6252,18189.338781,6.87041588,0.1127
"17","Belgium","BEL",1.48022682666778,1.31218456029892,0.567686155438423,1.27364648580551,1.38201458454132,1.3323476433754,528795777781.045,"Europe",39.5,56.6,96.1,0.93,81.3337,50999.977486,7.5901819266,0.0564
"18","Belize","BLZ",-0.200451111420989,-0.53830339461565,0.162168090022169,-0.503975433111191,-0.804844310879707,0.54856781065464,2283124108.66049,"Americas",35.6,51.2,86.8,0.7123,72.9045,8533.5331698,NA,0.4452
"19","Benin","BEN",-0.414171432703733,-0.481237806379795,-0.143092613853514,-0.488398623466492,-0.624336993694305,0.114912639185786,14113753063.046,"Africa",28.6,47.2,75.8,0.505,59.7319,3020.7812801,38.6950976675,0.6555
"20","Bhutan","BTN",1.36307111978531,0.42871256172657,0.984047824144364,-0.572176814079284,0.539968281984329,0.033162555564195,2329095378.31388,"Asia",28.1,28.2,56.3,0.6479,70.9721,9759.3224577,33.105294666,0.3799
"21","Bolivia","BOL",-0.749414265155792,-0.580417171120644,-0.349657380580902,-1.00310897231102,-1.18519096374512,-0.0734862682409585,37033270267.7336,"Americas",28,38.9,66.9,0.6966,66.5445,7747.1760493,22.957202599,0.4319
"22","Bosnia and Herzegovina","BIH",-0.524515861272812,-0.710783007740975,-0.371679505333305,-0.130347487330437,-0.230311232805252,-0.209032075107098,19790166479.9444,"Europe",21.2,35,56.2,0.7675,76.3066,13825.569866,15.58234415,0.1558
"23","Botswana","BWA",0.741149246692657,0.358091533184052,1.03194021582603,0.614655709266663,0.437956118583679,0.45312993824482,16227112104.5054,"Africa",28,44.6,72.6,0.6941,64.4226,13814.777646,30.7282418325,0.4805
"24","Brazil","BRA",-0.430768652260303,-0.341293985396624,-0.389264033734798,-0.125225131958723,-0.215481789782643,0.368806912004948,1942633186515.99,"Americas",31.7,46.1,77.8,0.7566,74.2456,14524.267257,22.160413203,0.4175
"25","Bulgaria","BGR",-0.253848877549172,-0.0319839319214225,0.266727997921407,0.542383229732514,-0.10984970703721,0.351763918995857,65710346777.6195,"Europe",33,46.5,79.5,0.8061,74.0527,21338.175671,12.070936923,0.2114
"26","Burkina Faso","BFA",-0.223986224830151,-0.694756877422333,-1.12819805145264,-0.415008607506752,-0.494670289754868,-0.18518878147006,15427041847.0244,"Africa",20.2,35.4,55.6,0.4287,59.2742,1911.3972637,37.662440933,0.6027
"27","Burundi","BDI",-1.42336555719376,-1.30707473754883,-1.52238336801529,-0.912782317399978,-1.30295277833939,-1.41100817322731,2763737111.36145,"Africa",6.3,14.8,21.1,0.4202,61.0911,756.94633255,35.272037201,0.5073
"28","Cabo Verde","CPV",0.884739446640014,0.129340265667997,0.800907525420189,-0.0154706111177802,0.439834535121918,0.944942325353622,2017080094.47633,"Africa",37.3,53.3,90.6,0.6608,75.2573,6798.4932039,27.56304728875,0.350875
"29","Cambodia","KHM",-1.23723596334458,-0.630010533332825,-0.00917677525430914,-0.556027260422707,-0.995310503244401,-1.2023166000843,22617433695.1773,"Asia",8.3,19.9,28.2,0.5807,70.0801,3760.3558829,26.639335,0.4937
"30","Cameroon","CMR",-1.16635744571686,-0.869558203220367,-1.19582735896111,-0.877553337812424,-1.06432814002037,-1.08762816786766,38129393278.6123,"Africa",7.8,13.2,21,0.5719,60.3,3575.1853495,38.524472766,0.5668
"31","Canada","CAN",1.77432771921158,1.69301332235336,1.05360606908798,1.71741586923599,1.72181438207626,1.45394625663757,1767981115998.55,"Americas",39.8,58.6,98.4,0.9291,82.1609,47307.132104,7.9092656466,0.0907
"32","Central African Republic","CAF",-1.23491678237915,-1.75394239425659,-2.13540451526642,-1.41836940050125,-1.74613028764725,-1.24115507602692,2084766975.65321,"Africa",3.9,6.9,10.8,0.3765,53.3812,861.04457275,44.086635234,NA
"33","Chad","TCD",-1.42799721956253,-1.50219107866287,-1.31770075559616,-1.14985272884369,-1.31776638031006,-1.3971212387085,11569651302.665,"Africa",3.7,14.8,18.5,0.3916,52.2346,1584.2063079,42.631283932,0.6854
"34","Chile","CHL",1.11170436143875,0.837282711267472,0.27652200050652,1.22986578941345,1.01368120312691,1.00940759778023,275122600406.38,"Americas",38,56,94,0.8509,79.7286,23525.448691,15.823874541,0.2452
"35","China","CHN",-0.217552974447608,0.453189302654937,-0.434306709468365,-0.299657271802425,-0.249465581588447,-1.59705940485001,13329772525402.9,"Asia",0.2,13.3,13.5,0.7597,77.5199,14568.140843,16.046859009,0.2044
"36","Colombia","COL",-0.360623612999916,-0.048228697758168,-0.922991234064102,0.289949084818363,-0.368285399675369,0.0894276895094662,324092871137.218,"Americas",28.7,35.2,63.9,0.7591,75.6002,13983.131088,22.982102886,0.4161
"37","Comoros","COM",-0.917708349227906,-1.69514428377151,-0.192836296372116,-1.17534675598145,-1.10069346427918,-0.524609568715096,1146958167.90262,"Africa",21.8,29,50.8,0.5708,63.3741,3236.5045968,42.4949241477778,NA
"38","Congo (Brazzaville)","COG",-1.32670685052872,-1.20137697458267,-0.352769849263132,-1.31297270059585,-1.12409167289734,-1.17149232625961,14194021009.6833,"Africa",4.2,20.1,24.3,0.6013,63.3372,3823.6672063,33.068213266,0.5996
"39","Congo (Kinshasa)","COD",-1.45610904693604,-1.63755309581757,-2.01892210245133,-1.42411346435547,-1.68461891412735,-1.33633399009705,44976868457.3632,"Africa",6,13.8,19.8,0.4665,59.1918,983.93858056,35.376451499,0.6298
"40","Costa Rica","CRI",0.582820603251457,0.280804916471243,0.661584237217903,0.553231683373451,0.485569575428963,1.10931924581528,60220886091.6671,"Americas",37.7,53,90.7,0.8001,78.863,18896.648113,17.787997049,0.2633
"41","Cote d'Ivoire","CIV",-0.511382111907005,-0.671617668867111,-0.912040209770203,-0.411286763846874,-0.648057326674461,-0.418460835516453,56157186826.8987,"Africa",17.9,29.5,47.4,0.5146,58.2972,4580.0696813,42.101551067,0.6292
"42","Croatia","HRV",0.118793928995729,0.530023807287216,0.650417232513428,0.382260203361511,0.270177201926708,0.52842161655426,59965836314.0689,"Europe",36.3,49.5,85.8,0.8561,78.1545,27667.459714,7.95139143,0.1181
"43","Cuba","CUB",0.0474730011075734,-0.199321018741466,0.560093954205513,-1.42121399641037,-0.495646375417709,-1.47728503942489,92998424206.4454,"Americas",1,12.4,13.4,0.762,77.3179,8098.7488292,NA,0.3066
"44","Cyprus","CYP",0.71660923063755,0.943648815155029,0.494076749682426,0.958599436283112,0.78362665772438,0.980481773614882,24615271523.8287,"Europe",37.8,55.7,93.5,0.8881,81.1785,36546.161524,10.079247413,0.2235
"45","Czech Republic","CZE",0.520085316896439,0.996031677722932,0.96422415971756,1.18239547610283,1.05941333174705,0.964152336120607,234385866342.818,"Europe",37,56,93,0.892,78.6147,36033.312731,5.1282597901,0.1311
"46","Denmark","DNK",2.24817461967468,1.85693489313126,0.911888855695725,1.69802244901657,1.89174528121948,1.55653594732285,350844598574.498,"Europe",40,57.4,97.4,0.9421,81.0889,56916.703245,5.78786392977778,0.0243
"47","Djibouti","DJI",-0.717886584997177,-0.932309418916703,-0.468248919397592,-0.751718235015869,-0.959959399700165,-1.38690056800842,2813783003.30293,"Africa",7.2,19.2,26.4,0.4908,62.3788,4312.9303994,34.515882966,NA
"48","Dominica","DMA",0.595404982566834,0.0223071828484535,1.14297690987587,0.231288962066173,0.691983270645142,0.884257131814957,549047407.407408,"Americas",37.5,56.5,94,0.7305,71.1303,12435.963777,NA,NA
"49","Dominican Republic","DOM",-0.76743486225605,-0.310467688203789,0.17636621131096,0.0101748917251825,-0.334231358021498,0.194857392460108,81785184914.5318,"Americas",27.8,41.7,69.5,0.7519,73.1066,15863.712459,20.474524665,0.4572
"50","Ecuador","ECU",-0.60877035856247,-0.366639822721481,-0.161522443033755,-0.861522302031516,-0.688520511984825,-0.0940169475506991,103655641200,"Americas",25.5,36.6,62.1,0.7565,76.1623,11159.056519,17.764150299,0.3864
"51","Egypt","EGY",-0.624046134948731,-0.530914613604546,-1.31942237615585,-0.711452513933182,-0.444457590579987,-1.30880221128464,337070535915.637,"Africa",8.8,16.8,25.6,0.7102,70.7191,11011.410456,22.510367567,0.4425
"52","El Salvador","SLV",-0.515675932168961,-0.310530367493629,-0.131631177663803,-0.0669009383767843,-0.753131237626076,0.0422332088463008,25696532000,"Americas",32.6,36.7,69.3,0.6679,71.8065,8179.0414023,20.133546006,0.3708
"53","Equatorial Guinea","GNQ",-1.55099252462387,-1.19662393331528,-0.151714930683374,-1.59182064533234,-1.30650714635849,-1.88068163394928,13883109649.9061,"Africa",0.6,6.3,6.9,0.6472,60.5549,14401.800783,NA,NA
"54","Eritrea","ERI",-1.23181463479996,-1.71280347108841,-0.818647032976151,-2.18666877746582,-1.58824721574783,-2.10169608592987,NA,"Africa",1,1.7,2.7,0.4826,66.4206,1749.7646262,NA,NA
"55","Estonia","EST",1.37963547706604,1.14211171269417,0.68398010134697,1.58512455224991,1.29014021158218,1.18112654685974,29400681058.9911,"Europe",38.3,56,94.3,0.8876,77.917,33347.651461,7.4600834867,0.1148
"56","Eswatini","SWZ",-0.323321913927794,-0.593662133812905,-0.346644223853946,-0.400442734360695,-0.421547275781632,-1.34456608295441,4405958728.87818,"Africa",1,17.2,18.2,0.5954,56.7187,7776.8859456,36.431138568,0.515
"57","Ethiopia","ETH",-0.464493981003761,-0.655867257714271,-1.60918501615524,-1.01753600239754,-0.520692256093025,-1.21151930093765,84980235871.9327,"Africa",7.1,11,18.1,0.4708,64.5398,1986.0546885,35.022771968,0.5205
"58","Fiji","FJI",0.47658799290657,0.156352230906486,0.631821676716208,-0.127563705760985,-0.0359280847012996,-0.0994897097349167,4875654546.01438,"Asia",21.1,34.2,55.3,0.7219,67.5731,11165.9050391,13.677303665,0.3495
"59","Finland","FIN",2.18641829490662,1.94350442886352,1.03049963712692,1.83002157211304,2.02056375741959,1.57229624986648,267240819748.031,"Europe",40,60,100,0.9346,81.5856,47470.92664,5.6275293533,0.0432
"60","France","FRA",1.25880912542343,1.33633587360382,0.223248802311719,1.17324500083923,1.34789177179337,1.14811472892761,2708083929759.39,"Europe",38,53.5,91.5,0.8992,82.4848,45199.674344,9.6480835998,0.0887
"61","Gabon","GAB",-0.818757474422455,-0.8391661465168,-0.0125339598394931,-0.772502636909485,-0.659861645102501,-0.941019570827485,16948219237.6913,"Africa",6.1,21.8,27.9,0.6937,65.8156,12723.7812561,25.515839799,0.5288
"62","Gaza Strip","PSE",-0.389543329924345,-0.676444944739342,-1.89064968824387,0.0418800158251542,-0.46556159555912,-1.01417749524117,15917370000,"Middle East",4,8.9,12.9,0.7152,74.1798,6930.7322908,17.5999431,NA
"63","Georgia","GEO",0.678850498795509,0.546767660975456,-0.417637979984283,0.919246709346772,0.210626113321632,0.173479676712304,17547575656.4055,"Eurasia",24.9,37.2,62.1,0.8046,72.902,13304.921076,11.716682005,0.3175
"64","Germany","DEU",1.81555850505829,1.50205315351486,0.689418280124664,1.67313430309296,1.62075126171112,1.40608195066452,3825350756806.37,"Europe",39,55.8,94.8,0.9449,80.9239,53745.77514,7.3373857166,0.0791
"65","Ghana","GHA",-0.147939900681376,-0.224764683842659,0.0110164746642112,-0.143140449747443,0.0289156352169812,0.508935949206352,64255526620.4335,"Africa",36.3,46.5,82.8,0.5917,63.7259,4846.0100699,36.4095951,0.5294
"66","Greece","GRC",-0.0363447259180248,0.299809570610523,-0.0161301396787166,0.405257572233677,0.246152840554714,0.769956833124161,210107358014.992,"Europe",35.7,49.3,85,0.8834,80.8935,28697.515976,11.535992919,0.1224
"67","Grenada","GRD",0.436760014295578,-0.0446509307948873,0.899454855918884,0.053993347287178,0.312379337847233,0.734158366918564,1070003841.49321,"Americas",37.5,51.4,88.9,0.7872,74.9507,12816.257934,NA,NA
"68","Guatemala","GTM",-0.902710860967637,-0.74514622092247,-0.541242963075638,-0.308400598168373,-1.06235283613205,-0.367213290929794,72001410155.8156,"Americas",22.6,31.4,54,0.6343,71.6264,8216.5154586,27.8594181,0.5055
"69","Guinea","GIN",-1.00937407016754,-1.04891940355301,-0.786349195241929,-0.927626150846482,-1.24706972837448,-0.875763410329818,12143868859.7604,"Africa",15.6,24.2,39.8,0.4591,58.7956,2227.9821404,40.273274932,0.62925
"70","Guinea-Bissau","GNB",-1.45169702768326,-1.57509042024612,-0.570887610316277,-1.26036932468414,-1.41557686328888,-0.672420743107796,1332651808.06708,"Africa",14.7,25,39.7,0.4763,59.6606,1825.2422674,40.243231401,0.6322
"71","Guyana","GUY",-0.397824896872043,-0.284351774305105,-0.150970955565572,-0.523562258481979,-0.428600633144379,0.20173029769212,5999857735.01048,"Americas",31.1,42,73.1,0.7039,67.8775,16053.669254,NA,0.426
"72","Haiti","HTI",-1.3125425696373,-2.06656520366669,-0.845750719308853,-1.2369087934494,-1.14968797564506,-0.831921374797821,16112078102.7301,"Americas",16.2,23.5,39.7,0.5521,63.5321,3083.2256089,39.2235682,0.6448
"73","Honduras","HND",-0.83533883690834,-0.72560088634491,-0.517785847187042,-0.446426782011986,-1.0470163166523,-0.497900965809822,23728187626.9108,"Americas",19.5,27.5,47,0.6152,71.9997,4962.0304922,22.613734093,0.4238
"74","Hungary","HUN",0.0799955797381699,0.527642321586609,0.741455507278442,0.614300099015236,0.489555445313454,0.482832026481628,151485502094.007,"Europe",29.9,46.4,76.3,0.8461,75.7216,29082.362582,6.6675406902,0.251
"75","Iceland","ISL",1.77971946001053,1.47377022504806,1.35411397218704,1.33447562456131,1.66187926530838,1.37664337158203,22319981852.4112,"Europe",38.2,58.5,96.7,0.9529,82.4701,52545.764656,5.2889294665,0.0545
"76","India","IND",-0.347164298593998,0.119285598769784,-0.881267327070236,-0.259252576902509,-0.0388087479397655,0.299878983944655,2572279146489.86,"Asia",34.4,39.7,74.1,0.6285,69.4508,5930.4313383,32.146385434,0.493
"77","Indonesia","IDN",-0.465416973829269,0.067443547770381,-0.49281314611435,0.0423579324036837,-0.342173907160759,0.135829339176416,1033772115631.68,"Asia",30.2,32.6,62.8,0.7046,69.3714,10645.5283637,18.7861811,0.4611
"78","Iran","IRN",-0.893905133008957,-0.57223004102707,-1.27209658026695,-1.43039294481278,-0.873933416604996,-1.44655879735947,393162310502.459,"Middle East",6.5,10.2,16.7,0.7825,75.1487,14510.148793,24.601713677,0.4922
"79","Iraq","IRQ",-1.36678848266602,-1.22570967674255,-2.38050699234009,-1.13250704407692,-1.69637942314148,-1.02745132446289,209744901644.203,"Middle East",14,13.9,27.9,0.6635,69.9935,9477.2800944,23.715204366,0.571
"80","Ireland","IRL",1.6013708114624,1.43084410429001,0.933799630403518,1.6314990401268,1.52826510667801,1.34054856300354,368672650859.834,"Europe",39,57.7,96.7,0.9337,81.8687,63962.925148,7.2219522866,0.0904
"81","Israel","ISR",0.82870444059372,1.24653549194336,-0.996218633651733,1.23419361114502,0.999943190813064,0.689559811353683,380178403806.942,"Middle East",35.1,43.6,78.7,0.9051,82.4494,39388.085985,11.425128106,0.0982
"82","Italy","ITA",0.236742665618658,0.453190350532532,0.403615948557854,0.670206779241562,0.309391808509827,1.00924503207207,2018523303143.61,"Europe",36,53.2,89.2,0.8908,82.9909,41517.537354,12.145646144,0.0671
"83","Jamaica","JAM",-0.181347613781691,0.429565780609846,0.255499032139778,0.10627187890932,-0.208920936286449,0.612775909900665,14836776977.887,"Americas",33.9,42.5,76.4,0.7102,71.9277,9539.8256495,16.47276117,0.3839
"84","Japan","JPN",1.51918613910675,1.6251965880394,1.02826632857323,1.30350612401962,1.49976241588593,1.01128312945366,4899426166633.1,"Asia",39.3,55.1,94.4,0.9154,84.2236,42394.042709,8.0793849935,0.0993
"85","Jordan","JOR",0.12662300337106,0.107493839133531,-0.421856206655502,0.111434946022928,0.26930225789547,-0.749894124269486,41791363121.726,"Middle East",11.3,24.3,35.6,0.7395,75.0552,9776.7695105,16.831078659,0.4573
"86","Kazakhstan","KAZ",-0.589907303452492,-0.0748579118400813,-0.144544347771444,-0.0337578454986215,-0.530418068170548,-1.18477692604065,190122084331.452,"Eurasia",5.4,18,23.4,0.8004,70.5088,22357.237396,8.76341814,0.2005
"87","Kenya","KEN",-0.893679827451706,-0.398062744736671,-1.14415773153305,-0.364275771379471,-0.473352259397507,-0.24170783534646,87329192788.7106,"Africa",20.4,29.7,50.1,0.5881,62.1517,4210.1343037,29.865316933,0.5458
"88","Kiribati","KIR",0.291737407818437,-0.179850740358233,1.01511328220367,-0.698129183053971,0.477943187206984,1.03081864714623,189995182.587831,"Asia",36.7,55.4,92.1,0.6233,66.674,3610.8992055,17.0573936,NA
"89","Kosovo","XKX",-0.479762789607048,-0.352598267793655,-0.370711068063974,-0.261774650961161,-0.414239403605461,-0.142185924947262,7628616408.78994,"Europe",22.5,28.8,51.3,NA,NA,NA,NA,NA
"90","Kuwait","KWT",-0.185097830742598,-0.104325951822102,0.102281979843974,0.0123032801784575,0.165697314031422,-0.654362833499909,137458830874.712,"Middle East",14,23.1,37.1,0.8308,79.2917,57496.704529,NA,0.2517
"91","Kyrgyzstan","KGZ",-1.10772724151611,-0.783501589298248,-0.587944611907005,-0.457509994506836,-1.01020443439484,-0.495129832625389,8270329810.26058,"Eurasia",11.3,24.7,36,0.6927,70.2011,4664.2801274,10.3500542036,0.3625
"92","Latvia","LVA",0.494980955123901,0.914879804849625,0.487566187977791,1.13762493133545,0.892475688457489,0.845411866903305,33084281156.1321,"Europe",35.2,51.4,86.6,0.8628,74.8353,28691.379832,8.9716045367,0.1861
"93","Lebanon","LBN",-1.07411906719208,-0.736547595262527,-1.61949883699417,-0.533091352134943,-0.861211174726486,-0.522624260187149,45603465802.3841,"Middle East",13.9,30.6,44.5,0.7506,78.2358,15785.489373,NA,0.4152
"94","Lesotho","LSO",-0.0713285736739636,-0.825650358200073,-0.197065317630768,-0.532880815863609,-0.328826747834683,0.040463853534311,2317687136.85187,"Africa",28.2,38,66.2,0.5168,52.4161,2857.2693311,37.442149899,0.5673
"95","Liberia","LBR",-0.815674614906311,-1.37799248695374,-0.410613703727722,-0.964853370189668,-0.939927381277084,-0.116808778420091,3371142957,"Africa",26.9,33.3,60.2,0.48,60.3933,1378.3089188,37.032084066,0.6614
"96","Libya","LBY",-1.54746364355087,-1.65072319507599,-2.2984775185585,-2.12494864463806,-1.64896612167358,-1.35121037960053,57680967454.188,"Africa",6.5,12,18.5,0.7521,72.1578,21239.356781,NA,0.2679
"97","Liechtenstein","LIE",1.91214866638184,1.65337110757828,1.51661787033081,1.50469324588776,1.66574529409408,1.32850849628449,6586077701.45944,"Europe",35.4,57.9,93.3,0.9308,83.19,129412.41377,NA,NA
"98","Lithuania","LTU",0.623520669341087,0.998667722940444,0.792115342617035,1.17597395181656,0.969948941469192,0.985768520832062,53059696953.1001,"Europe",37.8,52.7,90.5,0.8737,74.9057,33283.369113,9.67906127,0.1239
"99","Luxembourg","LUX",2.00978074073791,1.69418246746063,1.30070834159851,1.74462443590164,1.77430419921875,1.53182861804962,70382488400.3583,"Europe",38.3,59.8,98.1,0.9224,81.9324,78740.132862,9.0796864767,0.0587
"100","Madagascar","MDG",-0.95392769575119,-1.16970043182373,-0.471750146150589,-0.769617420434952,-0.862997567653656,-0.368451036512852,13206254708.8174,"Africa",22,31.6,53.6,0.495,64.8696,1465.8901211,33.270063601,0.5748
"101","Malawi","MWI",-0.652345862984657,-0.747779148817062,-0.155559121444821,-0.78368239402771,-0.306514394283295,-0.0346204404253513,10163494223.173,"Africa",26.8,36.1,62.9,0.5034,62.4106,1427.6295111,31.526914634,0.5941
"102","Malaysia","MYS",0.209217005269602,0.964269196987153,0.153068399056792,0.655564963817596,0.473027497529984,-0.23778848128859,342534533608.261,"Asia",19.5,28.5,48,0.7973,75.4526,24823.366766,14.543875108,0.2172
"103","Maldives","MDV",-0.529703229665756,-0.233243128657341,0.352419334091246,-0.514064085483551,-0.437452152185142,-0.475963294506073,4661628507.07705,"Asia",17.6,23.9,41.5,0.7392,79.8752,16763.115134,23.676481983,0.3468
"104","Mali","MLI",-0.757645481824875,-1.06947501897812,-1.98924307823181,-0.620891404151916,-0.82752366065979,-0.422272726893425,16005730487.4441,"Africa",14.2,25.4,39.6,0.4106,58.7531,2031.2115403,33.624359968,0.6438
"105","Malta","MLT",0.570636120438576,0.939423918724061,1.06108520030975,1.08889101743698,1.01495847702026,1.13589165210724,14128307153.2721,"Europe",37.1,56.4,93.5,0.8961,83.1799,38963.590541,8.19969792,0.1744
"106","Marshall Islands","MHL",0.409990790660959,-0.414867377653718,1.00635765194893,-0.81826041340828,0.316490554914344,1.14398357868195,217579264.365234,"Asia",37.1,55,92.1,0.7049,64.3879,5991.5464119,14.962841,NA
"107","Mauritania","MRT",-0.838892489671707,-0.845744282007217,-0.657744699716568,-0.875339204072953,-0.740444844961166,-0.830763947963715,7581382403.71236,"Africa",11,21.5,32.5,0.5381,64.6986,5136.8309223,35.240377933,0.6087
"108","Mauritius","MUS",0.275067334622145,0.934217697381973,0.876544857025147,1.09379261136055,0.805760788917542,0.775969016551971,12869529069.277,"Africa",37.3,51.6,88.9,0.7933,74.6329,21615.501038,21.117058871,0.3599
"109","Mexico","MEX",-0.894438642263413,-0.0975188668817282,-0.749901407957077,0.111940101347864,-0.619604608416557,-0.034582427307032,1266885883222.34,"Americas",27.4,35.8,63.2,0.7699,73.6163,18947.067872,19.971723305,0.3683
"110","Moldova","MDA",-0.711479386687279,-0.49718969464302,-0.310804441047367,-0.0319091565674171,-0.396071730554104,-0.0175069901160896,10691878163.6355,"Eurasia",26.7,34.9,61.6,0.7578,69.6863,12128.255442,8.7371568766,0.2052
"111","Monaco","MCO",1.57645966112614,1.90704168379307,1.3033948302269,1.27552473545075,1.42015082968606,0.789297640323639,7149962974.62133,"Europe",28.1,56.8,84.9,NA,85.8765,NA,NA,NA
"112","Mongolia","MNG",-0.496512514352798,-0.362828695774078,0.69913319349289,-0.183128442452289,-0.28673359900713,0.276610100269318,13222107678.4274,"Asia",36,49.1,85.1,0.7401,70.6036,10353.2558708,13.885659327,0.319
"113","Montenegro","MNE",-0.0900272467173636,0.095687698200345,0.0989531006664037,0.322782620042563,-0.0560485547874123,0.125158383511007,5025810819.94444,"Europe",25.4,42.4,67.8,0.8322,76.744,19815.761268,11.08108105,0.1335
"114","Morocco","MAR",-0.322037321329117,-0.196036729961634,-0.375579118728638,-0.121418298222125,-0.232476462423801,-0.63742573261261,122574288789.283,"Africa",14.3,25.5,39.8,0.67,73.5715,7689.5829102,27.401831199,0.4587
"115","Mozambique","MOZ",-0.790975117683411,-0.819778800010681,-0.852245199680329,-0.680905386805534,-0.982823330163955,-0.444082619249821,15605942806.9881,"Africa",19.2,32.6,51.8,0.4523,59.254,1231.9521178,40.5756536,0.5025
"116","Myanmar","MMR",-0.811465239524842,-1.25827944278717,-1.36916638016701,-1.03391917943954,-1.18699817657471,-1.18497337698937,66517443323.0837,"Asia",10.5,16,26.5,0.5815,65.976,4042.011175,22.73365604125,0.493375
"117","Namibia","NAM",0.274878846108913,0.152639850787818,0.641536909341812,0.0132973773230333,0.326408019661903,0.532610586285591,12159999020.4736,"Africa",30.2,46.3,76.5,0.6254,60.9009,9884.1228672,33.238896433,0.4671
"118","Nauru","NRU",0.337338426709175,-0.0680406614439561,0.896529430150986,-0.527584097534419,-0.199955429136753,0.601968789100647,116332111.38602,"Asia",35.4,47.4,82.8,0.6602,62.8783,12019.4922783,NA,NA
"119","Nepal","NPL",-0.65503950715065,-0.964822071790695,-0.589857079088688,-0.760711669921875,-0.606062170863152,-0.232275833934546,30123477140.9765,"Asia",24.1,28.8,52.9,0.5824,68.7909,3572.9774203,30.2607386,0.5066
"120","Netherlands","NLD",1.9093535900116,1.77980834245682,0.900593763589859,1.83790965080261,1.78549295663834,1.52464088201523,892595196358.198,"Europe",39.9,58.8,98.7,0.9366,81.7288,53897.990025,7.01986783,0.0302
"121","New Zealand","NZL",2.19654636383057,1.65116651058197,1.45995745658874,1.91962336301804,1.86668627262115,1.57471265792847,210688100868.171,"Asia",39.7,58.1,97.8,0.9347,82.2856,40871.549383,8.2296989332,0.1122
"122","Nicaragua","NIC",-1.01031519770622,-0.810736471414566,-0.388106237351894,-0.625517645478249,-0.961787176132201,-0.859540125727654,13091203121.2096,"Americas",13.5,28.5,42,0.6524,73.346,5284.091687,24.023735111,0.4113
"123","Niger","NER",-0.633971512317657,-0.722706413269043,-1.33586312532425,-0.72411761879921,-0.595365896821022,-0.40048027485609,12208447265.7857,"Africa",22.6,28.8,51.4,0.3784,61.6355,1214.615651,34.018138565,0.6447
"124","Nigeria","NGA",-1.12748321294785,-1.08831360340118,-1.95189533233643,-0.921228063106536,-0.956771928071976,-0.498435068130493,460964171324.697,"Africa",21.9,24.9,46.8,0.5287,52.4347,4944.1592599,33.553800368,0.6802
"125","North Korea","PRK",-1.49592159986496,-1.61545013189316,-0.580796518921851,-2.36953039169311,-1.62654299736023,-2.16863675117493,NA,"Asia",0,3,3,NA,73.0193,NA,NA,NA
"126","North Macedonia","MKD",-0.302103592827916,-0.0472722787410022,-0.0978339101187885,0.41065903455019,-0.209008786454797,-0.0448270175606011,11943849687.5302,"Europe",24,37.5,61.5,0.7758,75.7793,15184.947668,12.167220601,0.1446
"127","Norway","NOR",2.13762664794922,1.8611752986908,1.13835663795471,1.68051842451096,1.94108669757843,1.70634500980377,450149412806.524,"Europe",40,60,100,0.9575,82.6601,66462.102278,5.9504290133,0.0264
"128","Oman","OMN",0.216804617643356,0.105734853632748,0.608430010080337,0.435048563778401,0.455280673503876,-1.09848724603653,87566678465.5396,"Middle East",7.3,17.1,24.4,0.8252,76.542,32890.771434,17.910635883,0.2931
"129","Pakistan","PAK",-0.849065494537354,-0.662161335349083,-2.22593355178833,-0.708175164461136,-0.734817957878113,-0.788812494277954,318352409515.432,"Asia",18.4,22,40.4,0.5306,66.0344,4805.060589,33.840667266,0.5497
"130","Palau","PLW",0.337338426709175,0.108830650150776,1.07274284362793,0.0316099129617214,0.811802744865418,1.13877116441727,265383365.972222,"Asia",37,55,92,0.7878,64.569,18556.080715,19.2465115555556,NA
"131","Panama","PAN",-0.543553325533867,0.133078361861408,0.260955168306828,0.365900492668152,-0.168384687276557,0.534485301375389,60775554350,"Americas",35.3,47.6,82.9,0.8095,77.2581,28470.961238,20.548767966,0.4118
"132","Papua New Guinea","PNG",-0.861110264062881,-0.72453379034996,-0.567224672436714,-0.594499808549881,-0.783197742700577,0.0551619325764477,24012342016.2056,"Asia",23.6,37.8,61.4,0.5504,65.0616,3674.4234597,28.2602724271429,0.7111
"133","Paraguay","PRY",-0.932807111740113,-0.749363750219345,-0.0710859360871836,-0.189464788138866,-0.614028510451317,-0.0246853389311582,38543348887.9604,"Americas",27.3,36.7,64,0.7364,72.7112,12771.282771,20.255432534,0.4388
"134","Peru","PER",-0.574697601795197,-0.274035073816776,-0.382672587037087,0.384482250362635,-0.517054635286331,0.200353813543916,211389067736.251,"Americas",30.2,41.5,71.7,0.7609,74.9181,11622.943138,21.46302308,0.3841
"135","Philippines","PHL",-0.508888122439384,0.0957687187939881,-0.972069782018662,0.0761948090046644,-0.515991368889808,0.0269654794130474,341872812521.903,"Asia",26,35,61,0.7001,71.3283,8516.5636496,17.665661801,0.3974
"136","Poland","POL",0.638725900650025,0.527195024490356,0.619914954900742,0.906932443380356,0.5653828561306,0.794036453962326,568037173767.331,"Europe",36.3,51.4,87.7,0.8734,77.3428,29468.642494,8.982105287,0.1242
"137","Portugal","PRT",0.81397066116333,1.10313872694969,0.9497397005558,0.835697203874588,1.09934185743332,1.17881126403809,230557731591.187,"Europe",39,57.5,96.5,0.8569,81.3407,32045.537783,12.57187921,0.0824
"138","Puerto Rico","PRI",0.240780548891053,0.349876217544079,0.648523662239313,0.912215694785118,0.695033937692642,0.567754730582237,1.03152e+11,"Americas",37,52.25,89.25,NA,NA,NA,NA,NA
"139","Qatar","QAT",0.83536702990532,0.883809518814087,0.850063019990921,0.688544365763664,0.823415243625641,-1.16082161068916,179963139845.632,"Middle East",8.3,17.8,26.1,0.8606,80.2336,94765.118642,NA,0.3754
"140","Romania","ROU",-0.161956998892128,-0.0534245519735124,0.288238999992609,0.465563267469406,0.346336764097214,0.515654355287552,229501965743.015,"Europe",34.4,48.5,82.9,0.8216,75.2203,26778.702287,11.485603697,0.2603
"141","Russia","RUS",-0.918553256988526,-0.258777172118425,-0.768616384267807,-0.551750192046165,-0.858771347999573,-1.09986243247986,1748701373494.7,"Eurasia",5.8,15.9,21.7,0.825,71.9345,25805.404883,9.2446619994,0.1925
"142","Rwanda","RWA",0.594389879703522,0.0874347129836679,-0.00797270478215069,0.0646384352818131,0.0744915641844272,-1.09506519436836,9707492261.16876,"Africa",8.3,15.1,23.4,0.5231,65.9005,1950.9252625,31.586006466,0.4122
"143","Samoa","WSM",0.495582981407642,0.499793327599764,1.12423066496849,-0.187474638223648,0.901725047826767,0.742802900075913,848450563.579521,"Asia",30.9,50,80.9,0.7096,72.5425,5678.4951262,13.8884645025,0.424
"144","San Marino","SMR",1.20687045156956,1.63477069139481,1.2356738448143,0.496706940233707,1.50508081250721,1.16547119617462,1604132215.90935,"Europe",38.8,58.2,97,0.8652,82.3937,52911.872911,NA,NA
"145","Sao Tome and Principe","STP",0.0765950657427311,-0.796576690673828,0.353054517507553,-0.893138790130615,-0.720276015996933,0.290457099676132,376944295.543489,"Africa",34.3,47.9,82.2,0.6001,67.7229,3907.922531,23.162524968,NA
"146","Saudi Arabia","SAU",0.206355351954699,0.253051244094968,-0.536328864097595,0.0937635099515319,0.174602682888508,-1.70715929269791,797309676043.368,"Middle East",1.9,6.6,8.5,0.8525,77.0121,48280.017553,NA,0.2729
"147","Senegal","SEN",-0.028208235045895,-0.268368356837891,-0.120701517164707,-0.220038156211376,-0.218445973843336,0.236957439035177,22283217520.227,"Africa",31.1,43.4,74.5,0.5092,67.4285,3158.1644269,36.089158466,0.5163
"148","Serbia","SRB",-0.392297239601612,-0.00491241997806358,0.00581325637176633,0.0683399720117449,-0.144085584580898,0.0635997009463608,50215999005.5489,"Europe",26.8,45.4,72.2,0.8003,75.6569,16523.300542,10.2786957756,0.1371
"149","Seychelles","SYC",1.09945375919342,0.613063862919807,0.689252868294716,0.00795041392557329,0.274581377208233,0.261296498589218,1438442879.40729,"Africa",28.2,42.8,71,0.7983,73.3359,25315.406356,10.8460106325,NA
"150","Sierra Leone","SLE",-0.651123249530792,-1.19330167770386,-0.122634614631534,-0.914889425039291,-0.835724854469299,-0.190206366032362,4233811599.58522,"Africa",28.3,37.6,65.9,0.4502,58.7238,1644.9586031,40.434089366,0.6241
"151","Singapore","SGP",2.09260544776916,2.21781461238861,1.4228930234909,2.16407343149185,1.79420500993729,-0.122131346166134,358542611383.465,"Asia",19,31.4,50.4,0.9392,83.1182,85971.408939,12.934365048,0.0494
"152","Slovenia","SVN",0.770762699842453,1.06062274575233,0.850008964538574,0.715358573198318,1.01043246984482,0.972006291151046,51907091316.6184,"Europe",38.6,53.7,92.3,0.9114,81.0554,36095.629406,5.1509980334,0.0644
"153","Solomon Islands","SLB",-0.163594825565815,-0.879073739051819,0.442417941987514,-0.910237979888916,-0.294010707736015,0.351030021370389,1472695939.86109,"Asia",26.9,45.6,72.5,0.5645,69.9638,2512.8723077,NA,NA
"154","Somalia","SOM",-1.70735000371933,-2.20511589050293,-2.46689426898956,-2.069535779953,-2.32185361385346,-1.89938151836395,8216255658.23636,"Africa",0.5,4.3,4.8,0.38,55.4482,1034.16582686,NA,0.674
"155","South Africa","ZAF",-0.102349194139242,0.0812759313732386,-0.309397643432021,0.0790994329378008,-0.0359962990507484,0.661474364995956,379209981286.247,"Africa",33,46.4,79.4,0.7208,64.0934,13390.999012,32.027816201,0.4165
"156","South Korea","KOR",0.575883081555366,1.1623452603817,0.406357634067536,1.08343449234962,1.08713276982308,0.759283566474914,1595737226229.69,"Asia",33.6,50,83.6,0.916,83.1344,41416.753575,9.5367949366,0.0774
"157","South Sudan","SSD",-1.74150078296661,-2.25043233633041,-2.32494748830795,-1.8724792599678,-1.93215162754059,-1.74897159337997,14795494208.2103,"Africa",1,8.7,9.7,0.3808,55.5027,693.64491616,42.622405433,NA
"158","Spain","ESP",0.672016459703445,1.0219219148159,0.292369611840695,0.872292178869248,0.934102767705918,1.0173920750618,1342796110038.04,"Europe",38.3,55.4,93.7,0.8955,83.0181,38198.262478,13.7750118744444,0.0665
"159","Sri Lanka","LKA",-0.34940549582243,-0.127416479261592,-0.255345542542636,-0.233825237303972,-0.0256679422105663,-0.211532318685204,85795958278.9172,"Asia",21.2,30.3,51.5,0.7693,75.5709,12406.717863,18.3314202128571,0.3722
"160","St. Kitts and Nevis","KNA",0.456355591863394,0.448909524083138,0.753234112262726,0.619364190101624,0.413908588886261,0.912624484300614,974236479.08478,"Americas",36.1,53.2,89.3,0.8322,71.5141,27550.495493,NA,NA
"161","St. Lucia","LCA",0.62052184343338,0.205231789499521,0.89462730884552,0.329928508400917,0.639950913190842,0.958405488729477,1914776733.33333,"Americas",38.4,53.5,91.9,0.7315,72.7599,13734.49046,24.8638456385714,0.3558
"162","St. Vincent and the Grenadines","VCT",0.751994097232819,0.369771142303944,0.940445816516876,0.309499526023865,0.577496322989464,0.942576491832733,846556644.444444,"Americas",36.2,54.2,90.4,0.7799,72.8953,13137.101318,NA,NA
"163","Sudan","SDN",-1.45371140241623,-1.57854351997375,-2.01753836870193,-1.54280282258987,-1.19817138910294,-1.68572479486465,63809087742.3092,"Africa",2.1,6.5,8.6,0.5156,65.0847,4158.135376,36.388607033,0.5633
"164","Suriname","SUR",-0.348732979595661,-0.510963856987655,0.221335244178772,-0.658849558234215,-0.130667516961694,0.394466984272003,4004813901.87629,"Americas",33.5,43.8,77.3,0.7032,71.2192,15412.537095,NA,0.4315
"165","Sweden","SWE",2.11571459770203,1.66970402002335,0.994252765178681,1.78611060380936,1.84193481206894,1.56200951337814,559840521720.542,"Europe",40,59.8,99.8,0.9419,82.5618,52966.493874,7.1473469168,0.0319
"166","Switzerland","CHE",2.01829756498337,1.98084354400635,1.27450605630875,1.72966350317001,1.85404356718063,1.56141370534897,733075979970.711,"Europe",39,57,96,0.9565,83.4129,67568.246463,7.4339274601,0.0301
"167","Syria","SYR",-1.6235754609108,-1.68059403896332,-2.75492098331451,-1.73336933851242,-1.86679484844208,-1.92894513607025,16947076414.9797,"Middle East",-2.7,3.1,0.4,0.5566,68.5048,4253.8275479,24.0770985566667,0.4847
"168","Taiwan","TWN",0.944446158409118,1.35545493364334,0.823252081871033,1.3423767209053,1.14872237443924,0.989244842529297,NA,"Asia",37,54.1,91.1,NA,NA,NA,NA,NA
"169","Tajikistan","TJK",-1.29854924678802,-0.948302733898162,-0.734451586008072,-1.09759255647659,-1.21596236228943,-1.66268336772919,8399097469.74824,"Eurasia",2.7,11.5,14.2,0.6605,69.881,3903.0368776,14.457991567,0.3026
"170","Tanzania","TZA",-0.531526675820351,-0.675653192400932,-0.42523375749588,-0.544002705812454,-0.489922559261322,-0.413169114291668,57658591984.537,"Africa",22,29.6,51.6,0.5197,65.5784,2402.0348632,30.296817667,0.5266
"171","Thailand","THA",-0.464977741241455,0.220911626517773,-0.77802506685257,0.0808079739101231,-0.0205507909413426,-0.843024864792824,465087166849.512,"Asia",9.3,26.3,35.6,0.7913,78.3964,16009.399088,15.730024531,0.3584
"172","The Gambia","GMB",-0.57174759209156,-0.778764736652374,-0.0264735901728273,-0.630414727330208,-0.54590248465538,-0.667818929627538,1649479757.60447,"Africa",13.5,19.2,32.7,0.4791,62.7281,1952.5371419,37.849019799,0.6043
"173","Timor-Leste","TLS",-0.445790906250477,-0.9654756128788,0.0351894091814757,-0.821231827139854,-1.11839024424553,0.297893808037043,2027180120,"Asia",30.7,36.8,67.5,0.6131,67.7108,4859.4402053,27.878264999,0.4335
"174","Togo","TGO",-0.770259821414947,-1.01909885406494,-0.589422193169594,-0.764330583810806,-0.707741320133209,-0.734044110774994,6892133273.00896,"Africa",16.7,28.5,45.2,0.524,60.2024,2000.0656837,38.122447001,0.5852
"175","Tonga","TON",-0.322039175033569,-0.0521694607101379,0.947305744886398,-0.406789034605026,0.26921624019742,0.663256549835205,462604444.284751,"Asia",30.2,46.1,76.3,0.7321,70.786,6265.9720966,11.272239465,0.4966
"176","Trinidad and Tobago","TTO",-0.325539948046207,0.207885606214404,0.218700240552426,-0.0269330421462655,-0.164471730589867,0.564621412754059,25689249613.3707,"Americas",33,48.4,81.4,0.8095,74.1306,25664.924071,NA,0.2824
"177","Tunisia","TUN",-0.134588397853076,-0.122085535991937,-0.8570083796978,-0.382771551609039,0.00850252062082293,0.156070313602686,45138161237.6053,"Africa",31.3,38.9,70.2,0.7296,75.3893,10385.3736783,22.235055414,0.2584
"178","Turkey","TUR",-0.252387128025293,0.0435219020117074,-1.36386593580246,0.103206056542695,-0.30222764373757,-0.659758433699608,847701924853.425,"Europe",20.3,22.3,42.6,0.8305,76.9061,27515.287394,16.301230834,0.3045
"179","Turkmenistan","TKM",-1.35355117321014,-0.943854838609694,-0.0915326013229789,-2.0628936290741,-1.43163441419601,-2.12630441188812,43098375438.5965,"Eurasia",0.3,3.7,4,0.7295,68.8988,13093.245253,NA,NA
"180","Tuvalu","TUV",0.200057585258037,-0.645173364877701,1.27788199186325,-0.581422884762287,0.609313955903053,1.08812185525894,47424190.6437985,"Asia",37,56.6,93.6,0.6507,64.2622,5511.3544213,16.29837,NA
"181","Uganda","UGA",-1.075816822052,-0.613221138715744,-0.782441890239715,-0.35510271191597,-0.35102850496769,-0.660763764381409,34582198694.5666,"Africa",11.1,24.8,35.9,0.5342,61.9919,2121.4724526,31.415412666,0.5323
"182","Ukraine","UKR",-0.891105550527573,-0.487463241815567,-1.60672898292542,-0.384516763687134,-0.793373769521713,-0.0399410558398813,142214048023.493,"Eurasia",24.7,35.4,60.1,0.7646,72.865,12251.839258,7.67286329,0.2114
"183","United Arab Emirates","ARE",1.1310563325882,1.37209551334381,0.68106701374054,0.982297837734223,0.756086325645447,-1.11000666618347,406112642658.292,"Middle East",6.3,12.6,18.9,0.8972,79.2164,69356.653584,10.14383971,0.0953
"184","United Kingdom","GBR",1.74378353357315,1.44723556041718,0.421421951800585,1.67447220087052,1.60674475431442,1.29336334466934,2879786049440.97,"Europe",39.6,55.2,94.8,0.9277,81.1438,44417.916517,7.9321402167,0.1178
"185","United States","USA",1.23434964418411,1.41925268173218,0.296232679858804,1.3935131072998,1.49043295383453,0.988090360164642,20250162690300,"Americas",34.6,53.4,88,0.9257,78.5449,61396.395413,11.482299742,0.2032
"186","Uruguay","URY",1.35508886575699,0.57269004881382,1.01284155845642,0.670982027053833,0.65414103269577,1.19576876163482,61650895290.3684,"Americas",39.9,57.9,97.8,0.8137,77.427,21665.450504,12.92016429,0.2767
"187","Uzbekistan","UZB",-1.09291260242462,-0.604347717761993,-0.319648730754852,-1.22939168810844,-1.08384993672371,-1.70591939687729,71181208193.6549,"Eurasia",0.8,5.8,6.6,0.7123,70.7824,7045.8035418,NA,0.2578
"188","Vanuatu","VUT",-0.0143539874348788,-0.588940531015396,0.795788136124611,-0.324310087412596,0.333674304932356,0.621082469820976,871057481.07812,"Asia",32.4,48,80.4,0.6021,69.8784,3121.4593686,18.82131211,NA
"189","Venezuela","VEN",-1.47483340501785,-1.50277397632599,-1.23287566304207,-2.04228639602661,-2.16286606788635,-1.30143851041794,426682349277.135,"Americas",8.3,18.3,26.6,0.7352,71.995,11871.296,14.773995499,0.5045
"190","Vietnam","VNM",-0.45225625038147,0.0346858339384199,0.0614654917269946,-0.451526710391045,-0.173110602796078,-1.37415424585342,299089565231.066,"Asia",2.9,16.8,19.7,0.7085,74.1052,8844.7651204,16.853927433,0.3828
"191","Yemen","YEM",-1.60730719566345,-1.97552397251129,-2.68989646434784,-1.49479289650917,-1.61355454921722,-1.61427117586136,34309087117.7408,"Middle East",3.9,12.3,16.2,0.4447,65.4613,1553.5398359,31.923125766,0.8053
"192","Zambia","ZMB",-0.540150451660156,-0.685307770967483,0.100097782537341,-0.55073789358139,-0.39890658557415,-0.245148322731256,24225250601.4973,"Africa",23.5,32.8,56.3,0.5654,61.624,3214.2009664,36.793876801,0.5418
"193","Zimbabwe","ZWE",-1.30624499320984,-1.29092624187469,-0.788594633340835,-1.59408247470856,-1.35931454896927,-1.18354706764221,22991909830.1501,"Africa",11.5,17.6,29.1,0.5491,59.9384,2087.3532376,29.890032201,0.5273
